TABLE_NAME	CONSTRAINT_NAME	ENFORCED	CHECK_CLAUSE
agent_controlled_image_execution_source_v3	chk_acies_common	YES	((`input_ordinal` between 1 and 16) and (`content_mime_type` in (_utf8mb4\'image/jpeg\',_utf8mb4\'image/png\')) and (`byte_length` > 0) and regexp_like(`content_sha256`,cast(_utf8mb4\'^[0-9a-f]{64}$\' as char charset binary)))
agent_controlled_image_execution_source_v3	chk_acies_scope	YES	((`tenant_id` = _utf8mb4\'0\') and (`owner_jiacn` <> _utf8mb4\'0\'))
agent_controlled_image_execution_source_v3	chk_acies_union	YES	(((`source_kind` = _utf8mb4\'TASK_LINKED_WORKSPACE_VERSION\') and (`file_id` is not null) and (`file_version` > 0) and (`purpose` = _utf8mb4\'REFERENCE\') and (`conversation_id` is null) and (`conversation_generation` is null) and (`asset_id` is null) and (`asset_revision` is null) and (`producer_request_id` is null) and (`producer_request_revision` is null) and (`producer_step_id` is null) and (`producer_execution_id` is null) and (`producer_run_id` is null) and (`producer_output_id` is null)) or ((`source_kind` = _utf8mb4\'CURRENT_CONVERSATION_ASSET\') and (`file_id` is null) and (`file_version` is null) and (`purpose` is null) and (`conversation_id` is not null) and (`conversation_generation` > 0) and (`asset_id` is not null) and (`asset_revision` > 0) and (`producer_request_id` is not null) and (`producer_request_revision` > 0) and (`producer_step_id` is not null) and (`producer_execution_id` is not null) and (`producer_run_id` is not null) and (`producer_output_id` is not null)))
agent_controlled_image_intent_operation_grant	chk_aciiog_hashes	YES	(regexp_like(`requirement_sha256`,cast(_utf8mb4\'^[0-9a-f]{64}$\' as char charset binary)) and regexp_like(`instruction_sha256`,cast(_utf8mb4\'^[0-9a-f]{64}$\' as char charset binary)) and regexp_like(`source_snapshot_sha256`,cast(_utf8mb4\'^[0-9a-f]{64}$\' as char charset binary)) and regexp_like(`owner_payload_sha256`,cast(_utf8mb4\'^[0-9a-f]{64}$\' as char charset binary)) and regexp_like(`issue_request_digest`,cast(_utf8mb4\'^[0-9a-f]{64}$\' as char charset binary)) and ((`revoke_request_digest` is null) or regexp_like(`revoke_request_digest`,cast(_utf8mb4\'^[0-9a-f]{64}$\' as char charset binary))))
agent_controlled_image_intent_operation_grant	chk_aciiog_ids	YES	(regexp_like(`operation_grant_id`,cast(_utf8mb4\'^opgrant_[0-9a-f]{32}$\' as char charset binary)) and regexp_like(`consent_id`,cast(_utf8mb4\'^consent_[0-9a-f]{32}$\' as char charset binary)))
agent_controlled_image_intent_operation_grant	chk_aciiog_lifecycle	YES	(((`state` = _utf8mb4\'AUTHORIZED\') and (`reserved_execution_id` is null) and (`reserved_run_id` is null) and (`consumed_lease_id` is null) and (`revoke_idempotency_key` is null) and (`revoke_request_digest` is null) and (`revoked_at` is null)) or ((`state` = _utf8mb4\'RESERVED\') and (`reserved_execution_id` is not null) and (`reserved_run_id` is not null) and (`consumed_lease_id` is null) and (`revoke_idempotency_key` is null) and (`revoke_request_digest` is null) and (`revoked_at` is null)) or ((`state` = _utf8mb4\'CONSUMED\') and (`reserved_execution_id` is not null) and (`reserved_run_id` is not null) and (`consumed_lease_id` is not null) and (`revoke_idempotency_key` is null) and (`revoke_request_digest` is null) and (`revoked_at` is null)) or ((`state` = _utf8mb4\'REVOKED\') and (((`reserved_execution_id` is null) and (`reserved_run_id` is null)) or ((`reserved_execution_id` is not null) and (`reserved_run_id` is not null))) and (`consumed_lease_id` is null) and (`revoke_idempotency_key` is not null) and (`revoke_request_digest` is not null) and (`revoked_at` is not null)))
agent_controlled_image_intent_operation_grant	chk_aciiog_operation	YES	(`operation` in (_utf8mb4\'GENERATE_IMAGE\',_utf8mb4\'EDIT_IMAGE\'))
agent_controlled_image_intent_operation_grant	chk_aciiog_scope	YES	((`tenant_id` = _utf8mb4\'0\') and (`owner_jiacn` <> _utf8mb4\'0\'))
agent_controlled_image_intent_operation_grant	chk_aciiog_sources	YES	((json_type(`source_snapshot_json`) = _utf8mb4\'ARRAY\') and (((`operation` = _utf8mb4\'GENERATE_IMAGE\') and (json_length(`source_snapshot_json`) between 0 and 16) and (json_search(`source_snapshot_json`,_utf8mb4\'one\',_utf8mb4\'CURRENT_CONVERSATION_ASSET\',NULL,_utf8mb4\'$[*].kind\') is null)) or ((`operation` = _utf8mb4\'EDIT_IMAGE\') and (json_length(`source_snapshot_json`) = 1) and (json_unquote(json_extract(`source_snapshot_json`,_utf8mb4\'$[0].kind\')) = _utf8mb4\'CURRENT_CONVERSATION_ASSET\'))))
agent_controlled_image_intent_operation_grant	chk_aciiog_state	YES	(`state` in (_utf8mb4\'AUTHORIZED\',_utf8mb4\'RESERVED\',_utf8mb4\'CONSUMED\',_utf8mb4\'REVOKED\'))
agent_controlled_image_intent_operation_grant	chk_aciiog_versions	YES	((`conversation_generation` > 0) and (`baseline_grant_version` > 0) and (`task_version` >= 0) and (`assignment_revision` >= 0) and (`requirement_revision` > 0) and (`version` > 0))
agent_personal_workspace_execution	chk_pwex_controlled_consent	YES	((`controlled_consent_id` is null) or ((`execution_mode` = _utf8mb4\'CONVERSATION\') and regexp_like(`controlled_consent_id`,cast(_utf8mb4\'^consent_[0-9a-f]{32}$\' as char charset binary)) and (((`execution_protocol_version` = 2) and (`permitted_operation` = _utf8mb4\'GENERATE_IMAGE\') and (`operation_grant_id` is null) and (`runtime_input_snapshot_digest` is null)) or ((`execution_protocol_version` = 3) and (`permitted_operation` in (_utf8mb4\'GENERATE_IMAGE\',_utf8mb4\'EDIT_IMAGE\')) and regexp_like(`operation_grant_id`,cast(_utf8mb4\'^opgrant_[0-9a-f]{32}$\' as char charset binary)) and regexp_like(`runtime_input_snapshot_digest`,cast(_utf8mb4\'^[0-9a-f]{64}$\' as char charset binary)))) and (`output_content_mime_type` = _utf8mb4\'image/png\')))
agent_personal_workspace_execution	chk_pwex_execution_protocol	YES	(((`execution_protocol_version` = 1) and (`controlled_consent_id` is null) and (`operation_grant_id` is null) and (`runtime_input_snapshot_digest` is null)) or ((`execution_protocol_version` = 2) and regexp_like(`controlled_consent_id`,cast(_utf8mb4\'^consent_[0-9a-f]{32}$\' as char charset binary)) and (`operation_grant_id` is null) and (`runtime_input_snapshot_digest` is null)) or ((`execution_protocol_version` = 3) and (`execution_mode` = _utf8mb4\'CONVERSATION\') and regexp_like(`controlled_consent_id`,cast(_utf8mb4\'^consent_[0-9a-f]{32}$\' as char charset binary)) and regexp_like(`operation_grant_id`,cast(_utf8mb4\'^opgrant_[0-9a-f]{32}$\' as char charset binary)) and regexp_like(`runtime_input_snapshot_digest`,cast(_utf8mb4\'^[0-9a-f]{64}$\' as char charset binary)) and (`permitted_operation` in (_utf8mb4\'GENERATE_IMAGE\',_utf8mb4\'EDIT_IMAGE\')) and (`output_content_mime_type` = _utf8mb4\'image/png\')))
agent_task_provider_cost_consent	chk_atpcc_bound	YES	(((`bound_grant_id` is null) and (`bound_grant_version` is null) and (`bound_assignment_revision` is null)) or ((`bound_grant_id` is not null) and (`bound_grant_version` is not null) and (`bound_assignment_revision` is not null) and (`state` in (_utf8mb4\'BOUND\',_utf8mb4\'RESERVED\',_utf8mb4\'CONSUMED\',_utf8mb4\'REVOKED\'))))
agent_task_provider_cost_consent	chk_atpcc_consumed	YES	(((`state` = _utf8mb4\'CONSUMED\') and (`consumed_lease_id` is not null) and (`consumed_at` is not null) and (`reserved_execution_id` is not null)) or ((`state` <> _utf8mb4\'CONSUMED\') and (`consumed_lease_id` is null) and (`consumed_at` is null)))
agent_task_provider_cost_consent	chk_atpcc_hashes	YES	(regexp_like(`request_digest`,cast(_utf8mb4\'^[0-9a-f]{64}$\' as char charset binary)) and regexp_like(`assignment_base_hash`,cast(_utf8mb4\'^[0-9a-f]{64}$\' as char charset binary)) and regexp_like(`requirement_sha256`,cast(_utf8mb4\'^[0-9a-f]{64}$\' as char charset binary)) and regexp_like(`input_snapshot_digest`,cast(_utf8mb4\'^[0-9a-f]{64}$\' as char charset binary)) and ((`revoke_request_digest` is null) or regexp_like(`revoke_request_digest`,cast(_utf8mb4\'^[0-9a-f]{64}$\' as char charset binary))))
agent_task_provider_cost_consent	chk_atpcc_identity	YES	((char_length(`client_id`) between 1 and 50) and (char_length(`owner_jiacn`) between 1 and 50) and (char_length(`consent_id`) between 1 and 100) and (char_length(`task_id`) between 1 and 100) and (char_length(`target_agent_id`) between 1 and 100) and (char_length(`idempotency_key`) between 1 and 100) and (char_length(`assignment_idempotency_key`) between 1 and 100) and (char_length(`binding_id`) between 1 and 100) and (char_length(`model_id`) between 1 and 100) and (char_length(`operator_issuer`) between 1 and 100) and (char_length(`operator_policy_revision`) between 1 and 100))
agent_task_provider_cost_consent	chk_atpcc_inputs	YES	((json_type(`input_snapshot_json`) = _utf8mb4\'ARRAY\') and (json_length(`input_snapshot_json`) between 0 and 16))
agent_task_provider_cost_consent	chk_atpcc_issued	YES	((`state` <> _utf8mb4\'ISSUED\') or ((`bound_grant_id` is null) and (`reserved_execution_id` is null) and (`consumed_lease_id` is null) and (`revoke_idempotency_key` is null)))
agent_task_provider_cost_consent	chk_atpcc_provider	YES	((`provider_lane` = _utf8mb4\'CONTROLLED_IMAGE_HTTP_V1\') and (`pricing_mode` = _utf8mb4\'UNPRICED_EXTERNAL_ACCOUNT\') and (`max_outbound_request_attempts` = 1) and (`binding_epoch` > 0) and (`expires_at` > 0))
agent_task_provider_cost_consent	chk_atpcc_purpose_union	YES	((`consent_purpose` in (_utf8mb4\'INITIAL_ASSIGN_AND_START\',_utf8mb4\'FOLLOWUP_EXECUTE\')) and (((`consent_purpose` = _utf8mb4\'INITIAL_ASSIGN_AND_START\') and (`operation_grant_id` is null) and (`execution_intent_id` is null) and (`conversation_id` is null) and (`conversation_generation` is null) and (`operation` is null) and (`instruction_sha256` is null) and (`source_snapshot_sha256` is null) and (`owner_payload_sha256` is null) and (`runtime_input_snapshot_sha256` is null)) or ((`consent_purpose` = _utf8mb4\'FOLLOWUP_EXECUTE\') and regexp_like(`operation_grant_id`,cast(_utf8mb4\'^opgrant_[0-9a-f]{32}$\' as char charset binary)) and (char_length(`execution_intent_id`) between 1 and 100) and (char_length(`conversation_id`) between 1 and 100) and (`conversation_generation` > 0) and (`operation` in (_utf8mb4\'GENERATE_IMAGE\',_utf8mb4\'EDIT_IMAGE\')) and regexp_like(`instruction_sha256`,cast(_utf8mb4\'^[0-9a-f]{64}$\' as char charset binary)) and regexp_like(`source_snapshot_sha256`,cast(_utf8mb4\'^[0-9a-f]{64}$\' as char charset binary)) and regexp_like(`owner_payload_sha256`,cast(_utf8mb4\'^[0-9a-f]{64}$\' as char charset binary)) and (((`reserved_execution_id` is null) and (`runtime_input_snapshot_sha256` is null)) or ((`reserved_execution_id` is not null) and regexp_like(`runtime_input_snapshot_sha256`,cast(_utf8mb4\'^[0-9a-f]{64}$\' as char charset binary)))))))
agent_task_provider_cost_consent	chk_atpcc_reserved	YES	(((`reserved_execution_id` is null) and (`reserved_run_id` is null)) or ((`reserved_execution_id` is not null) and (`reserved_run_id` is not null) and (`bound_grant_id` is not null) and (`state` in (_utf8mb4\'RESERVED\',_utf8mb4\'CONSUMED\',_utf8mb4\'REVOKED\'))))
agent_task_provider_cost_consent	chk_atpcc_revoked	YES	(((`state` = _utf8mb4\'REVOKED\') and (`revoke_idempotency_key` is not null) and (`revoke_request_digest` is not null) and (`revoked_at` is not null)) or ((`state` <> _utf8mb4\'REVOKED\') and (`revoke_idempotency_key` is null) and (`revoke_request_digest` is null) and (`revoked_at` is null)))
agent_task_provider_cost_consent	chk_atpcc_scope	YES	((`tenant_id` = _utf8mb4\'0\') and (`owner_jiacn` <> _utf8mb4\'0\'))
agent_task_provider_cost_consent	chk_atpcc_state	YES	(`state` in (_utf8mb4\'ISSUED\',_utf8mb4\'BOUND\',_utf8mb4\'RESERVED\',_utf8mb4\'CONSUMED\',_utf8mb4\'REVOKED\'))
agent_task_provider_cost_consent	chk_atpcc_time	YES	((`created_at` > 0) and ((`consumed_at` is null) or (`consumed_at` >= `created_at`)) and ((`revoked_at` is null) or (`revoked_at` >= `created_at`)))
agent_task_provider_cost_consent	chk_atpcc_versions	YES	((`task_version` >= 0) and (`requirement_revision` > 0) and (`version` > 0) and ((`bound_grant_version` is null) or (`bound_grant_version` > 0)) and ((`bound_assignment_revision` is null) or (`bound_assignment_revision` >= 0)))
