TABLE_NAME	COLUMN_NAME	COLUMN_TYPE	IS_NULLABLE	CHARACTER_SET_NAME	COLLATION_NAME	COLUMN_DEFAULT	EXTRA	ORDINAL_POSITION
agent_controlled_image_execution_source_v3	id	bigint	NO	NULL	NULL	NULL	auto_increment	1
agent_controlled_image_execution_source_v3	owner_jiacn	varchar(50)	NO	utf8mb4	utf8mb4_0900_bin	NULL		2
agent_controlled_image_execution_source_v3	execution_id	varchar(100)	NO	utf8mb4	utf8mb4_0900_bin	NULL		3
agent_controlled_image_execution_source_v3	input_ref	varchar(100)	NO	utf8mb4	utf8mb4_0900_bin	NULL		4
agent_controlled_image_execution_source_v3	input_ordinal	int	NO	NULL	NULL	NULL		5
agent_controlled_image_execution_source_v3	source_kind	varchar(50)	NO	utf8mb4	utf8mb4_0900_bin	NULL		6
agent_controlled_image_execution_source_v3	content_mime_type	varchar(100)	NO	utf8mb4	utf8mb4_0900_bin	NULL		7
agent_controlled_image_execution_source_v3	byte_length	bigint	NO	NULL	NULL	NULL		8
agent_controlled_image_execution_source_v3	content_sha256	char(64)	NO	ascii	ascii_bin	NULL		9
agent_controlled_image_execution_source_v3	source_json	json	NO	NULL	NULL	NULL		10
agent_controlled_image_execution_source_v3	file_id	varchar(100)	YES	utf8mb4	utf8mb4_0900_bin	NULL		11
agent_controlled_image_execution_source_v3	file_version	int	YES	NULL	NULL	NULL		12
agent_controlled_image_execution_source_v3	purpose	varchar(20)	YES	utf8mb4	utf8mb4_0900_bin	NULL		13
agent_controlled_image_execution_source_v3	conversation_id	varchar(100)	YES	utf8mb4	utf8mb4_0900_bin	NULL		14
agent_controlled_image_execution_source_v3	conversation_generation	bigint	YES	NULL	NULL	NULL		15
agent_controlled_image_execution_source_v3	asset_id	varchar(100)	YES	utf8mb4	utf8mb4_0900_bin	NULL		16
agent_controlled_image_execution_source_v3	asset_revision	bigint	YES	NULL	NULL	NULL		17
agent_controlled_image_execution_source_v3	producer_request_id	varchar(100)	YES	utf8mb4	utf8mb4_0900_bin	NULL		18
agent_controlled_image_execution_source_v3	producer_request_revision	bigint	YES	NULL	NULL	NULL		19
agent_controlled_image_execution_source_v3	producer_step_id	varchar(100)	YES	utf8mb4	utf8mb4_0900_bin	NULL		20
agent_controlled_image_execution_source_v3	producer_execution_id	varchar(100)	YES	utf8mb4	utf8mb4_0900_bin	NULL		21
agent_controlled_image_execution_source_v3	producer_run_id	varchar(100)	YES	utf8mb4	utf8mb4_0900_bin	NULL		22
agent_controlled_image_execution_source_v3	producer_output_id	varchar(100)	YES	utf8mb4	utf8mb4_0900_bin	NULL		23
agent_controlled_image_execution_source_v3	created_at	bigint	NO	NULL	NULL	NULL		24
agent_controlled_image_execution_source_v3	tenant_id	varchar(50)	NO	utf8mb4	utf8mb4_0900_bin	NULL		25
agent_controlled_image_execution_source_v3	client_id	varchar(50)	NO	utf8mb4	utf8mb4_0900_bin	NULL		26
agent_controlled_image_execution_source_v3	create_time	bigint	YES	NULL	NULL	NULL		27
agent_controlled_image_execution_source_v3	update_time	bigint	YES	NULL	NULL	NULL		28
agent_controlled_image_intent_operation_grant	id	bigint	NO	NULL	NULL	NULL	auto_increment	1
agent_controlled_image_intent_operation_grant	operation_grant_id	varchar(100)	NO	utf8mb4	utf8mb4_0900_bin	NULL		2
agent_controlled_image_intent_operation_grant	owner_jiacn	varchar(50)	NO	utf8mb4	utf8mb4_0900_bin	NULL		3
agent_controlled_image_intent_operation_grant	task_id	varchar(100)	NO	utf8mb4	utf8mb4_0900_bin	NULL		4
agent_controlled_image_intent_operation_grant	target_agent_id	varchar(100)	NO	utf8mb4	utf8mb4_0900_bin	NULL		5
agent_controlled_image_intent_operation_grant	conversation_id	varchar(100)	NO	utf8mb4	utf8mb4_0900_bin	NULL		6
agent_controlled_image_intent_operation_grant	conversation_generation	bigint	NO	NULL	NULL	NULL		7
agent_controlled_image_intent_operation_grant	interaction_idempotency_key	varchar(100)	NO	utf8mb4	utf8mb4_0900_bin	NULL		8
agent_controlled_image_intent_operation_grant	request_id	varchar(100)	NO	utf8mb4	utf8mb4_0900_bin	NULL		9
agent_controlled_image_intent_operation_grant	step_id	varchar(100)	NO	utf8mb4	utf8mb4_0900_bin	NULL		10
agent_controlled_image_intent_operation_grant	execution_intent_id	varchar(100)	NO	utf8mb4	utf8mb4_0900_bin	NULL		11
agent_controlled_image_intent_operation_grant	baseline_grant_id	varchar(100)	NO	utf8mb4	utf8mb4_0900_bin	NULL		12
agent_controlled_image_intent_operation_grant	baseline_grant_version	bigint	NO	NULL	NULL	NULL		13
agent_controlled_image_intent_operation_grant	task_version	bigint	NO	NULL	NULL	NULL		14
agent_controlled_image_intent_operation_grant	assignment_revision	bigint	NO	NULL	NULL	NULL		15
agent_controlled_image_intent_operation_grant	requirement_revision	bigint	NO	NULL	NULL	NULL		16
agent_controlled_image_intent_operation_grant	requirement_sha256	char(64)	NO	ascii	ascii_bin	NULL		17
agent_controlled_image_intent_operation_grant	operation	varchar(40)	NO	utf8mb4	utf8mb4_0900_bin	NULL		18
agent_controlled_image_intent_operation_grant	instruction_sha256	char(64)	NO	ascii	ascii_bin	NULL		19
agent_controlled_image_intent_operation_grant	source_snapshot_sha256	char(64)	NO	ascii	ascii_bin	NULL		20
agent_controlled_image_intent_operation_grant	source_snapshot_json	json	NO	NULL	NULL	NULL		21
agent_controlled_image_intent_operation_grant	owner_payload_sha256	char(64)	NO	ascii	ascii_bin	NULL		22
agent_controlled_image_intent_operation_grant	consent_id	varchar(100)	NO	utf8mb4	utf8mb4_0900_bin	NULL		23
agent_controlled_image_intent_operation_grant	issue_idempotency_key	varchar(100)	NO	utf8mb4	utf8mb4_0900_bin	NULL		24
agent_controlled_image_intent_operation_grant	issue_request_digest	char(64)	NO	ascii	ascii_bin	NULL		25
agent_controlled_image_intent_operation_grant	state	varchar(20)	NO	utf8mb4	utf8mb4_0900_bin	NULL		26
agent_controlled_image_intent_operation_grant	version	bigint	NO	NULL	NULL	NULL		27
agent_controlled_image_intent_operation_grant	reserved_execution_id	varchar(100)	YES	utf8mb4	utf8mb4_0900_bin	NULL		28
agent_controlled_image_intent_operation_grant	reserved_run_id	varchar(100)	YES	utf8mb4	utf8mb4_0900_bin	NULL		29
agent_controlled_image_intent_operation_grant	consumed_lease_id	varchar(100)	YES	utf8mb4	utf8mb4_0900_bin	NULL		30
agent_controlled_image_intent_operation_grant	revoke_idempotency_key	varchar(100)	YES	utf8mb4	utf8mb4_0900_bin	NULL		31
agent_controlled_image_intent_operation_grant	revoke_request_digest	char(64)	YES	ascii	ascii_bin	NULL		32
agent_controlled_image_intent_operation_grant	revoked_at	bigint	YES	NULL	NULL	NULL		33
agent_controlled_image_intent_operation_grant	created_at	bigint	NO	NULL	NULL	NULL		34
agent_controlled_image_intent_operation_grant	tenant_id	varchar(50)	NO	utf8mb4	utf8mb4_0900_bin	NULL		35
agent_controlled_image_intent_operation_grant	client_id	varchar(50)	NO	utf8mb4	utf8mb4_0900_bin	NULL		36
agent_controlled_image_intent_operation_grant	create_time	bigint	YES	NULL	NULL	NULL		37
agent_controlled_image_intent_operation_grant	update_time	bigint	YES	NULL	NULL	NULL		38
agent_personal_workspace_execution	id	bigint	NO	NULL	NULL	NULL	auto_increment	1
agent_personal_workspace_execution	execution_id	varchar(100)	NO	utf8mb4	utf8mb4_0900_bin	NULL		2
agent_personal_workspace_execution	owner_jiacn	varchar(50)	NO	utf8mb4	utf8mb4_0900_bin	NULL		3
agent_personal_workspace_execution	task_id	varchar(100)	NO	utf8mb4	utf8mb4_0900_bin	NULL		4
agent_personal_workspace_execution	run_id	varchar(100)	NO	utf8mb4	utf8mb4_0900_bin	NULL		5
agent_personal_workspace_execution	execution_mode	varchar(20)	NO	utf8mb4	utf8mb4_0900_bin	NULL		6
agent_personal_workspace_execution	execution_state	varchar(30)	NO	utf8mb4	utf8mb4_0900_bin	NULL		7
agent_personal_workspace_execution	permitted_operation	varchar(40)	YES	utf8mb4	utf8mb4_0900_bin	NULL		8
agent_personal_workspace_execution	controlled_consent_id	varchar(100)	YES	utf8mb4	utf8mb4_0900_bin	NULL		9
agent_personal_workspace_execution	output_content_mime_type	varchar(127)	NO	utf8mb4	utf8mb4_0900_bin	NULL		10
agent_personal_workspace_execution	conversation_lease_version	bigint	YES	NULL	NULL	NULL		11
agent_personal_workspace_execution	conversation_provider_started_at	bigint	YES	NULL	NULL	NULL		12
agent_personal_workspace_execution	conversation_provider_lease_version	bigint	YES	NULL	NULL	NULL		13
agent_personal_workspace_execution	tenant_id	varchar(50)	NO	utf8mb4	utf8mb4_0900_bin	NULL		14
agent_personal_workspace_execution	client_id	varchar(50)	NO	utf8mb4	utf8mb4_0900_bin	NULL		15
agent_personal_workspace_execution	update_time	bigint	YES	NULL	NULL	NULL		16
agent_personal_workspace_execution	execution_protocol_version	int	NO	NULL	NULL	1		17
agent_personal_workspace_execution	operation_grant_id	varchar(100)	YES	utf8mb4	utf8mb4_0900_bin	NULL		18
agent_personal_workspace_execution	runtime_input_snapshot_digest	char(64)	YES	ascii	ascii_bin	NULL		19
agent_task_provider_cost_consent	id	bigint	NO	NULL	NULL	NULL	auto_increment	1
agent_task_provider_cost_consent	consent_id	varchar(100)	NO	utf8mb4	utf8mb4_0900_bin	NULL		2
agent_task_provider_cost_consent	owner_jiacn	varchar(50)	NO	utf8mb4	utf8mb4_0900_bin	NULL		3
agent_task_provider_cost_consent	task_id	varchar(100)	NO	utf8mb4	utf8mb4_0900_bin	NULL		4
agent_task_provider_cost_consent	target_agent_id	varchar(100)	NO	utf8mb4	utf8mb4_0900_bin	NULL		5
agent_task_provider_cost_consent	idempotency_key	varchar(100)	NO	utf8mb4	utf8mb4_0900_bin	NULL		6
agent_task_provider_cost_consent	request_digest	char(64)	NO	ascii	ascii_bin	NULL		7
agent_task_provider_cost_consent	assignment_idempotency_key	varchar(100)	NO	utf8mb4	utf8mb4_0900_bin	NULL		8
agent_task_provider_cost_consent	assignment_base_hash	char(64)	NO	ascii	ascii_bin	NULL		9
agent_task_provider_cost_consent	task_version	bigint	NO	NULL	NULL	NULL		10
agent_task_provider_cost_consent	requirement_revision	bigint	NO	NULL	NULL	NULL		11
agent_task_provider_cost_consent	requirement_sha256	char(64)	NO	ascii	ascii_bin	NULL		12
agent_task_provider_cost_consent	input_snapshot_digest	char(64)	NO	ascii	ascii_bin	NULL		13
agent_task_provider_cost_consent	input_snapshot_json	json	NO	NULL	NULL	NULL		14
agent_task_provider_cost_consent	provider_lane	varchar(50)	NO	utf8mb4	utf8mb4_0900_bin	NULL		15
agent_task_provider_cost_consent	binding_id	varchar(100)	NO	utf8mb4	utf8mb4_0900_bin	NULL		16
agent_task_provider_cost_consent	binding_epoch	bigint	NO	NULL	NULL	NULL		17
agent_task_provider_cost_consent	model_id	varchar(100)	NO	utf8mb4	utf8mb4_0900_bin	NULL		18
agent_task_provider_cost_consent	custody	varchar(50)	NO	utf8mb4	utf8mb4_0900_bin	NULL		19
agent_task_provider_cost_consent	operator_issuer	varchar(100)	NO	utf8mb4	utf8mb4_0900_bin	NULL		20
agent_task_provider_cost_consent	operator_policy_revision	varchar(100)	NO	utf8mb4	utf8mb4_0900_bin	NULL		21
agent_task_provider_cost_consent	pricing_mode	varchar(50)	NO	utf8mb4	utf8mb4_0900_bin	NULL		22
agent_task_provider_cost_consent	max_outbound_request_attempts	int	NO	NULL	NULL	NULL		23
agent_task_provider_cost_consent	expires_at	bigint	NO	NULL	NULL	NULL		24
agent_task_provider_cost_consent	state	varchar(20)	NO	utf8mb4	utf8mb4_0900_bin	NULL		25
agent_task_provider_cost_consent	version	bigint	NO	NULL	NULL	NULL		26
agent_task_provider_cost_consent	bound_grant_id	varchar(100)	YES	utf8mb4	utf8mb4_0900_bin	NULL		27
agent_task_provider_cost_consent	bound_grant_version	bigint	YES	NULL	NULL	NULL		28
agent_task_provider_cost_consent	bound_assignment_revision	bigint	YES	NULL	NULL	NULL		29
agent_task_provider_cost_consent	reserved_execution_id	varchar(100)	YES	utf8mb4	utf8mb4_0900_bin	NULL		30
agent_task_provider_cost_consent	reserved_run_id	varchar(100)	YES	utf8mb4	utf8mb4_0900_bin	NULL		31
agent_task_provider_cost_consent	consumed_lease_id	varchar(100)	YES	utf8mb4	utf8mb4_0900_bin	NULL		32
agent_task_provider_cost_consent	consumed_at	bigint	YES	NULL	NULL	NULL		33
agent_task_provider_cost_consent	revoke_idempotency_key	varchar(100)	YES	utf8mb4	utf8mb4_0900_bin	NULL		34
agent_task_provider_cost_consent	revoke_request_digest	char(64)	YES	ascii	ascii_bin	NULL		35
agent_task_provider_cost_consent	revoked_at	bigint	YES	NULL	NULL	NULL		36
agent_task_provider_cost_consent	created_at	bigint	NO	NULL	NULL	NULL		37
agent_task_provider_cost_consent	tenant_id	varchar(50)	NO	utf8mb4	utf8mb4_0900_bin	NULL		38
agent_task_provider_cost_consent	client_id	varchar(50)	NO	utf8mb4	utf8mb4_0900_bin	NULL		39
agent_task_provider_cost_consent	create_time	bigint	YES	NULL	NULL	NULL		40
agent_task_provider_cost_consent	update_time	bigint	YES	NULL	NULL	NULL		41
agent_task_provider_cost_consent	consent_purpose	varchar(30)	NO	utf8mb4	utf8mb4_0900_bin	INITIAL_ASSIGN_AND_START		42
agent_task_provider_cost_consent	operation_grant_id	varchar(100)	YES	utf8mb4	utf8mb4_0900_bin	NULL		43
agent_task_provider_cost_consent	execution_intent_id	varchar(100)	YES	utf8mb4	utf8mb4_0900_bin	NULL		44
agent_task_provider_cost_consent	conversation_id	varchar(100)	YES	utf8mb4	utf8mb4_0900_bin	NULL		45
agent_task_provider_cost_consent	conversation_generation	bigint	YES	NULL	NULL	NULL		46
agent_task_provider_cost_consent	operation	varchar(40)	YES	utf8mb4	utf8mb4_0900_bin	NULL		47
agent_task_provider_cost_consent	instruction_sha256	char(64)	YES	ascii	ascii_bin	NULL		48
agent_task_provider_cost_consent	source_snapshot_sha256	char(64)	YES	ascii	ascii_bin	NULL		49
agent_task_provider_cost_consent	owner_payload_sha256	char(64)	YES	ascii	ascii_bin	NULL		50
agent_task_provider_cost_consent	runtime_input_snapshot_sha256	char(64)	YES	ascii	ascii_bin	NULL		51
