TABLE_NAME	INDEX_NAME	NON_UNIQUE	SEQ_IN_INDEX	COLUMN_NAME	COLLATION	CARDINALITY	SUB_PART	NULLABLE	INDEX_TYPE
agent_controlled_image_execution_source_v3	PRIMARY	0	1	id	A	0	NULL		BTREE
agent_controlled_image_execution_source_v3	uk_acies_scope_ordinal	0	1	tenant_id	A	0	NULL		BTREE
agent_controlled_image_execution_source_v3	uk_acies_scope_ordinal	0	2	client_id	A	0	NULL		BTREE
agent_controlled_image_execution_source_v3	uk_acies_scope_ordinal	0	3	owner_jiacn	A	0	NULL		BTREE
agent_controlled_image_execution_source_v3	uk_acies_scope_ordinal	0	4	execution_id	A	0	NULL		BTREE
agent_controlled_image_execution_source_v3	uk_acies_scope_ordinal	0	5	input_ordinal	A	0	NULL		BTREE
agent_controlled_image_execution_source_v3	uk_acies_scope_ref	0	1	tenant_id	A	0	NULL		BTREE
agent_controlled_image_execution_source_v3	uk_acies_scope_ref	0	2	client_id	A	0	NULL		BTREE
agent_controlled_image_execution_source_v3	uk_acies_scope_ref	0	3	owner_jiacn	A	0	NULL		BTREE
agent_controlled_image_execution_source_v3	uk_acies_scope_ref	0	4	execution_id	A	0	NULL		BTREE
agent_controlled_image_execution_source_v3	uk_acies_scope_ref	0	5	input_ref	A	0	NULL		BTREE
agent_controlled_image_intent_operation_grant	PRIMARY	0	1	id	A	0	NULL		BTREE
agent_controlled_image_intent_operation_grant	uk_aciiog_scope_consent	0	1	tenant_id	A	0	NULL		BTREE
agent_controlled_image_intent_operation_grant	uk_aciiog_scope_consent	0	2	client_id	A	0	NULL		BTREE
agent_controlled_image_intent_operation_grant	uk_aciiog_scope_consent	0	3	owner_jiacn	A	0	NULL		BTREE
agent_controlled_image_intent_operation_grant	uk_aciiog_scope_consent	0	4	task_id	A	0	NULL		BTREE
agent_controlled_image_intent_operation_grant	uk_aciiog_scope_consent	0	5	consent_id	A	0	NULL		BTREE
agent_controlled_image_intent_operation_grant	uk_aciiog_scope_execution	0	1	tenant_id	A	0	NULL		BTREE
agent_controlled_image_intent_operation_grant	uk_aciiog_scope_execution	0	2	client_id	A	0	NULL		BTREE
agent_controlled_image_intent_operation_grant	uk_aciiog_scope_execution	0	3	owner_jiacn	A	0	NULL		BTREE
agent_controlled_image_intent_operation_grant	uk_aciiog_scope_execution	0	4	reserved_execution_id	A	0	NULL	YES	BTREE
agent_controlled_image_intent_operation_grant	uk_aciiog_scope_id	0	1	tenant_id	A	0	NULL		BTREE
agent_controlled_image_intent_operation_grant	uk_aciiog_scope_id	0	2	client_id	A	0	NULL		BTREE
agent_controlled_image_intent_operation_grant	uk_aciiog_scope_id	0	3	owner_jiacn	A	0	NULL		BTREE
agent_controlled_image_intent_operation_grant	uk_aciiog_scope_id	0	4	task_id	A	0	NULL		BTREE
agent_controlled_image_intent_operation_grant	uk_aciiog_scope_id	0	5	operation_grant_id	A	0	NULL		BTREE
agent_controlled_image_intent_operation_grant	uk_aciiog_scope_intent	0	1	tenant_id	A	0	NULL		BTREE
agent_controlled_image_intent_operation_grant	uk_aciiog_scope_intent	0	2	client_id	A	0	NULL		BTREE
agent_controlled_image_intent_operation_grant	uk_aciiog_scope_intent	0	3	owner_jiacn	A	0	NULL		BTREE
agent_controlled_image_intent_operation_grant	uk_aciiog_scope_intent	0	4	task_id	A	0	NULL		BTREE
agent_controlled_image_intent_operation_grant	uk_aciiog_scope_intent	0	5	execution_intent_id	A	0	NULL		BTREE
agent_controlled_image_intent_operation_grant	uk_aciiog_scope_interaction	0	1	tenant_id	A	0	NULL		BTREE
agent_controlled_image_intent_operation_grant	uk_aciiog_scope_interaction	0	2	client_id	A	0	NULL		BTREE
agent_controlled_image_intent_operation_grant	uk_aciiog_scope_interaction	0	3	owner_jiacn	A	0	NULL		BTREE
agent_controlled_image_intent_operation_grant	uk_aciiog_scope_interaction	0	4	task_id	A	0	NULL		BTREE
agent_controlled_image_intent_operation_grant	uk_aciiog_scope_interaction	0	5	interaction_idempotency_key	A	0	NULL		BTREE
agent_controlled_image_intent_operation_grant	uk_aciiog_scope_issue	0	1	tenant_id	A	0	NULL		BTREE
agent_controlled_image_intent_operation_grant	uk_aciiog_scope_issue	0	2	client_id	A	0	NULL		BTREE
agent_controlled_image_intent_operation_grant	uk_aciiog_scope_issue	0	3	owner_jiacn	A	0	NULL		BTREE
agent_controlled_image_intent_operation_grant	uk_aciiog_scope_issue	0	4	task_id	A	0	NULL		BTREE
agent_controlled_image_intent_operation_grant	uk_aciiog_scope_issue	0	5	issue_idempotency_key	A	0	NULL		BTREE
agent_controlled_image_intent_operation_grant	uk_aciiog_scope_run	0	1	tenant_id	A	0	NULL		BTREE
agent_controlled_image_intent_operation_grant	uk_aciiog_scope_run	0	2	client_id	A	0	NULL		BTREE
agent_controlled_image_intent_operation_grant	uk_aciiog_scope_run	0	3	owner_jiacn	A	0	NULL		BTREE
agent_controlled_image_intent_operation_grant	uk_aciiog_scope_run	0	4	reserved_run_id	A	0	NULL	YES	BTREE
agent_personal_workspace_execution	PRIMARY	0	1	id	A	0	NULL		BTREE
agent_personal_workspace_execution	uk_pwex_controlled_consent	0	1	tenant_id	A	0	NULL		BTREE
agent_personal_workspace_execution	uk_pwex_controlled_consent	0	2	client_id	A	0	NULL		BTREE
agent_personal_workspace_execution	uk_pwex_controlled_consent	0	3	owner_jiacn	A	0	NULL		BTREE
agent_personal_workspace_execution	uk_pwex_controlled_consent	0	4	controlled_consent_id	A	0	NULL	YES	BTREE
agent_personal_workspace_execution	uk_pwex_fixture_execution	0	1	tenant_id	A	0	NULL		BTREE
agent_personal_workspace_execution	uk_pwex_fixture_execution	0	2	client_id	A	0	NULL		BTREE
agent_personal_workspace_execution	uk_pwex_fixture_execution	0	3	owner_jiacn	A	0	NULL		BTREE
agent_personal_workspace_execution	uk_pwex_fixture_execution	0	4	execution_id	A	0	NULL		BTREE
agent_personal_workspace_execution	uk_pwex_fixture_run	0	1	tenant_id	A	0	NULL		BTREE
agent_personal_workspace_execution	uk_pwex_fixture_run	0	2	client_id	A	0	NULL		BTREE
agent_personal_workspace_execution	uk_pwex_fixture_run	0	3	owner_jiacn	A	0	NULL		BTREE
agent_personal_workspace_execution	uk_pwex_fixture_run	0	4	task_id	A	0	NULL		BTREE
agent_personal_workspace_execution	uk_pwex_fixture_run	0	5	run_id	A	0	NULL		BTREE
agent_personal_workspace_execution	uk_pwex_operation_grant	0	1	tenant_id	A	0	NULL		BTREE
agent_personal_workspace_execution	uk_pwex_operation_grant	0	2	client_id	A	0	NULL		BTREE
agent_personal_workspace_execution	uk_pwex_operation_grant	0	3	owner_jiacn	A	0	NULL		BTREE
agent_personal_workspace_execution	uk_pwex_operation_grant	0	4	operation_grant_id	A	0	NULL	YES	BTREE
agent_task_provider_cost_consent	idx_atpcc_task_state	1	1	tenant_id	A	0	NULL		BTREE
agent_task_provider_cost_consent	idx_atpcc_task_state	1	2	client_id	A	0	NULL		BTREE
agent_task_provider_cost_consent	idx_atpcc_task_state	1	3	owner_jiacn	A	0	NULL		BTREE
agent_task_provider_cost_consent	idx_atpcc_task_state	1	4	task_id	A	0	NULL		BTREE
agent_task_provider_cost_consent	idx_atpcc_task_state	1	5	state	A	0	NULL		BTREE
agent_task_provider_cost_consent	PRIMARY	0	1	id	A	0	NULL		BTREE
agent_task_provider_cost_consent	uk_atpcc_scope_consent	0	1	tenant_id	A	0	NULL		BTREE
agent_task_provider_cost_consent	uk_atpcc_scope_consent	0	2	client_id	A	0	NULL		BTREE
agent_task_provider_cost_consent	uk_atpcc_scope_consent	0	3	owner_jiacn	A	0	NULL		BTREE
agent_task_provider_cost_consent	uk_atpcc_scope_consent	0	4	task_id	A	0	NULL		BTREE
agent_task_provider_cost_consent	uk_atpcc_scope_consent	0	5	consent_id	A	0	NULL		BTREE
agent_task_provider_cost_consent	uk_atpcc_scope_execution_intent	0	1	tenant_id	A	0	NULL		BTREE
agent_task_provider_cost_consent	uk_atpcc_scope_execution_intent	0	2	client_id	A	0	NULL		BTREE
agent_task_provider_cost_consent	uk_atpcc_scope_execution_intent	0	3	owner_jiacn	A	0	NULL		BTREE
agent_task_provider_cost_consent	uk_atpcc_scope_execution_intent	0	4	task_id	A	0	NULL		BTREE
agent_task_provider_cost_consent	uk_atpcc_scope_execution_intent	0	5	execution_intent_id	A	0	NULL	YES	BTREE
agent_task_provider_cost_consent	uk_atpcc_scope_key	0	1	tenant_id	A	0	NULL		BTREE
agent_task_provider_cost_consent	uk_atpcc_scope_key	0	2	client_id	A	0	NULL		BTREE
agent_task_provider_cost_consent	uk_atpcc_scope_key	0	3	owner_jiacn	A	0	NULL		BTREE
agent_task_provider_cost_consent	uk_atpcc_scope_key	0	4	task_id	A	0	NULL		BTREE
agent_task_provider_cost_consent	uk_atpcc_scope_key	0	5	idempotency_key	A	0	NULL		BTREE
agent_task_provider_cost_consent	uk_atpcc_scope_operation_grant	0	1	tenant_id	A	0	NULL		BTREE
agent_task_provider_cost_consent	uk_atpcc_scope_operation_grant	0	2	client_id	A	0	NULL		BTREE
agent_task_provider_cost_consent	uk_atpcc_scope_operation_grant	0	3	owner_jiacn	A	0	NULL		BTREE
agent_task_provider_cost_consent	uk_atpcc_scope_operation_grant	0	4	task_id	A	0	NULL		BTREE
agent_task_provider_cost_consent	uk_atpcc_scope_operation_grant	0	5	operation_grant_id	A	0	NULL	YES	BTREE
