CONSTRAINT_NAME	ENFORCED	CHECK_CLAUSE
chk_atpcc_bound	YES	(((`bound_grant_id` is null) and (`bound_grant_version` is null) and (`bound_assignment_revision` is null)) or ((`bound_grant_id` is not null) and (`bound_grant_version` is not null) and (`bound_assignment_revision` is not null) and (`state` in (_utf8mb4\'BOUND\',_utf8mb4\'RESERVED\',_utf8mb4\'CONSUMED\',_utf8mb4\'REVOKED\'))))
chk_atpcc_consumed	YES	(((`state` = _utf8mb4\'CONSUMED\') and (`consumed_lease_id` is not null) and (`consumed_at` is not null) and (`reserved_execution_id` is not null)) or ((`state` <> _utf8mb4\'CONSUMED\') and (`consumed_lease_id` is null) and (`consumed_at` is null)))
chk_atpcc_hashes	YES	(regexp_like(`request_digest`,cast(_utf8mb4\'^[0-9a-f]{64}$\' as char charset binary)) and regexp_like(`assignment_base_hash`,cast(_utf8mb4\'^[0-9a-f]{64}$\' as char charset binary)) and regexp_like(`requirement_sha256`,cast(_utf8mb4\'^[0-9a-f]{64}$\' as char charset binary)) and regexp_like(`input_snapshot_digest`,cast(_utf8mb4\'^[0-9a-f]{64}$\' as char charset binary)) and ((`revoke_request_digest` is null) or regexp_like(`revoke_request_digest`,cast(_utf8mb4\'^[0-9a-f]{64}$\' as char charset binary))))
chk_atpcc_identity	YES	((char_length(`client_id`) between 1 and 50) and (char_length(`owner_jiacn`) between 1 and 50) and (char_length(`consent_id`) between 1 and 100) and (char_length(`task_id`) between 1 and 100) and (char_length(`target_agent_id`) between 1 and 100) and (char_length(`idempotency_key`) between 1 and 100) and (char_length(`assignment_idempotency_key`) between 1 and 100) and (char_length(`binding_id`) between 1 and 100) and (char_length(`model_id`) between 1 and 100) and (char_length(`operator_issuer`) between 1 and 100) and (char_length(`operator_policy_revision`) between 1 and 100))
chk_atpcc_inputs	YES	((json_type(`input_snapshot_json`) = _utf8mb4\'ARRAY\') and (json_length(`input_snapshot_json`) between 0 and 16))
chk_atpcc_issued	YES	((`state` <> _utf8mb4\'ISSUED\') or ((`bound_grant_id` is null) and (`reserved_execution_id` is null) and (`consumed_lease_id` is null) and (`revoke_idempotency_key` is null)))
chk_atpcc_provider	YES	((`provider_lane` = _utf8mb4\'CONTROLLED_IMAGE_HTTP_V1\') and (`pricing_mode` = _utf8mb4\'UNPRICED_EXTERNAL_ACCOUNT\') and (`max_outbound_request_attempts` = 1) and (`binding_epoch` > 0) and (`expires_at` > 0))
chk_atpcc_reserved	YES	(((`reserved_execution_id` is null) and (`reserved_run_id` is null)) or ((`reserved_execution_id` is not null) and (`reserved_run_id` is not null) and (`bound_grant_id` is not null) and (`state` in (_utf8mb4\'RESERVED\',_utf8mb4\'CONSUMED\',_utf8mb4\'REVOKED\'))))
chk_atpcc_revoked	YES	(((`state` = _utf8mb4\'REVOKED\') and (`revoke_idempotency_key` is not null) and (`revoke_request_digest` is not null) and (`revoked_at` is not null)) or ((`state` <> _utf8mb4\'REVOKED\') and (`revoke_idempotency_key` is null) and (`revoke_request_digest` is null) and (`revoked_at` is null)))
chk_atpcc_scope	YES	((`tenant_id` = _utf8mb4\'0\') and (`owner_jiacn` <> _utf8mb4\'0\'))
chk_atpcc_state	YES	(`state` in (_utf8mb4\'ISSUED\',_utf8mb4\'BOUND\',_utf8mb4\'RESERVED\',_utf8mb4\'CONSUMED\',_utf8mb4\'REVOKED\'))
chk_atpcc_time	YES	((`created_at` > 0) and ((`consumed_at` is null) or (`consumed_at` >= `created_at`)) and ((`revoked_at` is null) or (`revoked_at` >= `created_at`)))
chk_atpcc_versions	YES	((`task_version` >= 0) and (`requirement_revision` > 0) and (`version` > 0) and ((`bound_grant_version` is null) or (`bound_grant_version` > 0)) and ((`bound_assignment_revision` is null) or (`bound_assignment_revision` >= 0)))
