chk_chat_typed_admission_digest	YES	(regexp_like(`request_digest`,cast(_utf8mb4\'^sha256:[0-9a-f]{64}$\' as char charset binary)) and regexp_like(`body_digest`,cast(_utf8mb4\'^sha256:[0-9a-f]{64}$\' as char charset binary)))
chk_chat_typed_admission_generation	YES	(`conversation_generation` >= 1)
chk_chat_typed_admission_intent	YES	(`intent` in (_utf8mb4\'DISCUSSION\',_utf8mb4\'CLARIFICATION_REPLY\'))
chk_chat_typed_admission_reply	YES	(((`intent` = _utf8mb4\'DISCUSSION\') and (`pending_question_id` is null)) or ((`intent` = _utf8mb4\'CLARIFICATION_REPLY\') and (`parent_outcome_id` is not null) and (`pending_question_id` is not null)))
chk_chat_typed_admission_revision	YES	((`request_revision` = 1) and (`assignment_revision` >= 0) and (`state_version` >= 0) and (`event_cursor` >= 0))
chk_chat_typed_admission_turns	YES	(json_valid(`turn_ids_json`) and json_valid(`source_catalog_json`))
chk_chat_typed_outcome_digest	YES	regexp_like(`final_digest`,cast(_utf8mb4\'^sha256:[0-9a-f]{64}$\' as char charset binary))
chk_chat_typed_outcome_generation	YES	(`conversation_generation` >= 1)
chk_chat_typed_outcome_json	YES	(json_valid(`binding_json`) and json_valid(`facts_json`) and json_valid(`outcome_json`) and json_valid(`source_catalog_json`))
chk_chat_typed_outcome_kind	YES	(`kind` in (_utf8mb4\'ANSWER\',_utf8mb4\'CLARIFY\',_utf8mb4\'EXECUTION_PROPOSAL\'))
chk_chat_typed_outcome_revision	YES	((`request_revision` = 1) and (`assignment_revision` >= 0))
chk_chat_typed_pending_required	YES	json_valid(`required_facts_json`)
chk_chat_typed_pending_state	YES	(`state` in (_utf8mb4\'OPEN\',_utf8mb4\'ANSWERED\'))
chk_chat_typed_pending_version	YES	(((`state` = _utf8mb4\'OPEN\') and (`state_version` = 0) and (`reply_request_id` is null) and (`reply_idempotency_key` is null) and (`reply_body_digest` is null)) or ((`state` = _utf8mb4\'ANSWERED\') and (`state_version` = 1) and (`reply_request_id` is not null) and (`reply_idempotency_key` is not null) and regexp_like(`reply_body_digest`,cast(_utf8mb4\'^sha256:[0-9a-f]{64}$\' as char charset binary))))
chk_chat_typed_proposal_operation	YES	(`operation` in (_utf8mb4\'GENERATE_IMAGE\',_utf8mb4\'EDIT_IMAGE\'))
chk_chat_typed_proposal_parent	YES	(((`parent_request_id` is null) and (`parent_step_id` is null)) or ((`parent_request_id` is not null) and (`parent_step_id` is not null)))
chk_chat_typed_proposal_sources	YES	(json_valid(`source_ref_ids_json`) and json_valid(`source_selectors_json`))
chk_chat_typed_proposal_state	YES	((`state` = _utf8mb4\'PROPOSED\') and (`state_version` = 0))
