chat_typed_pending_question	CREATE TABLE `chat_typed_pending_question` (
  `pending_question_id` varchar(64) COLLATE utf8mb4_0900_bin NOT NULL,
  `outcome_id` varchar(64) COLLATE utf8mb4_0900_bin NOT NULL,
  `tenant_id` varchar(50) COLLATE utf8mb4_0900_bin NOT NULL,
  `owner_jiacn` varchar(50) COLLATE utf8mb4_0900_bin NOT NULL,
  `client_id` varchar(50) COLLATE utf8mb4_0900_bin NOT NULL,
  `conversation_id` varchar(100) COLLATE utf8mb4_0900_bin NOT NULL,
  `conversation_generation` bigint NOT NULL,
  `state` varchar(20) COLLATE utf8mb4_0900_bin NOT NULL,
  `state_version` bigint NOT NULL DEFAULT '0',
  `question` mediumtext COLLATE utf8mb4_0900_bin NOT NULL,
  `required_facts_json` text COLLATE utf8mb4_0900_bin NOT NULL,
  `reply_request_id` varchar(100) COLLATE utf8mb4_0900_bin DEFAULT NULL,
  `reply_idempotency_key` varchar(100) COLLATE utf8mb4_0900_bin DEFAULT NULL,
  `reply_body_digest` varchar(100) COLLATE utf8mb4_0900_bin DEFAULT NULL,
  `created_at` bigint NOT NULL,
  `updated_at` bigint NOT NULL,
  PRIMARY KEY (`pending_question_id`),
  UNIQUE KEY `uk_chat_typed_pending_outcome` (`tenant_id`,`owner_jiacn`,`client_id`,`conversation_id`,`conversation_generation`,`outcome_id`),
  KEY `idx_chat_typed_pending_scope_state` (`tenant_id`,`owner_jiacn`,`client_id`,`conversation_id`,`conversation_generation`,`state`,`updated_at`),
  CONSTRAINT `fk_chat_typed_pending_outcome` FOREIGN KEY (`tenant_id`, `owner_jiacn`, `client_id`, `conversation_id`, `conversation_generation`, `outcome_id`) REFERENCES `chat_typed_outcome` (`tenant_id`, `owner_jiacn`, `client_id`, `conversation_id`, `conversation_generation`, `outcome_id`) ON DELETE RESTRICT ON UPDATE RESTRICT,
  CONSTRAINT `chk_chat_typed_pending_required` CHECK (json_valid(`required_facts_json`)),
  CONSTRAINT `chk_chat_typed_pending_state` CHECK ((`state` in (_utf8mb4'OPEN',_utf8mb4'ANSWERED'))),
  CONSTRAINT `chk_chat_typed_pending_version` CHECK ((((`state` = _utf8mb4'OPEN') and (`state_version` = 0) and (`reply_request_id` is null) and (`reply_idempotency_key` is null) and (`reply_body_digest` is null)) or ((`state` = _utf8mb4'ANSWERED') and (`state_version` = 1) and (`reply_request_id` is not null) and (`reply_idempotency_key` is not null) and regexp_like(`reply_body_digest`,cast(_utf8mb4'^sha256:[0-9a-f]{64}$' as char charset binary)))))
) ENGINE=InnoDB DEFAULT CHARSET=utf8mb4 COLLATE=utf8mb4_0900_bin
