chat_typed_outcome	CREATE TABLE `chat_typed_outcome` (
  `outcome_id` varchar(64) COLLATE utf8mb4_0900_bin NOT NULL,
  `tenant_id` varchar(50) COLLATE utf8mb4_0900_bin NOT NULL,
  `owner_jiacn` varchar(50) COLLATE utf8mb4_0900_bin NOT NULL,
  `client_id` varchar(50) COLLATE utf8mb4_0900_bin NOT NULL,
  `conversation_id` varchar(100) COLLATE utf8mb4_0900_bin NOT NULL,
  `conversation_generation` bigint NOT NULL,
  `request_id` varchar(100) COLLATE utf8mb4_0900_bin NOT NULL,
  `request_revision` bigint NOT NULL,
  `turn_id` varchar(64) COLLATE utf8mb4_0900_bin NOT NULL,
  `task_id` varchar(100) COLLATE utf8mb4_0900_bin NOT NULL,
  `assignment_revision` bigint NOT NULL,
  `assistant_message_id` bigint NOT NULL,
  `final_digest` varchar(100) COLLATE utf8mb4_0900_bin NOT NULL,
  `kind` varchar(30) COLLATE utf8mb4_0900_bin NOT NULL,
  `text` mediumtext COLLATE utf8mb4_0900_bin NOT NULL,
  `binding_json` mediumtext COLLATE utf8mb4_0900_bin NOT NULL,
  `facts_json` mediumtext COLLATE utf8mb4_0900_bin NOT NULL,
  `outcome_json` mediumtext COLLATE utf8mb4_0900_bin NOT NULL,
  `source_catalog_json` mediumtext COLLATE utf8mb4_0900_bin NOT NULL,
  `created_at` bigint NOT NULL,
  PRIMARY KEY (`outcome_id`),
  UNIQUE KEY `uk_chat_typed_outcome_scope_id` (`tenant_id`,`owner_jiacn`,`client_id`,`conversation_id`,`conversation_generation`,`outcome_id`),
  UNIQUE KEY `uk_chat_typed_outcome_scope_turn` (`tenant_id`,`owner_jiacn`,`client_id`,`conversation_id`,`conversation_generation`,`turn_id`),
  UNIQUE KEY `uk_chat_typed_outcome_scope_request` (`tenant_id`,`owner_jiacn`,`client_id`,`conversation_id`,`conversation_generation`,`request_id`,`request_revision`),
  KEY `idx_chat_typed_outcome_message` (`tenant_id`,`owner_jiacn`,`client_id`,`conversation_id`,`conversation_generation`,`assistant_message_id`),
  KEY `idx_chat_typed_outcome_turn_fk` (`turn_id`),
  CONSTRAINT `fk_chat_typed_outcome_turn` FOREIGN KEY (`turn_id`) REFERENCES `chat_turn` (`turn_id`) ON DELETE RESTRICT ON UPDATE RESTRICT,
  CONSTRAINT `chk_chat_typed_outcome_digest` CHECK (regexp_like(`final_digest`,cast(_utf8mb4'^sha256:[0-9a-f]{64}$' as char charset binary))),
  CONSTRAINT `chk_chat_typed_outcome_generation` CHECK ((`conversation_generation` >= 1)),
  CONSTRAINT `chk_chat_typed_outcome_json` CHECK ((json_valid(`binding_json`) and json_valid(`facts_json`) and json_valid(`outcome_json`) and json_valid(`source_catalog_json`))),
  CONSTRAINT `chk_chat_typed_outcome_kind` CHECK ((`kind` in (_utf8mb4'ANSWER',_utf8mb4'CLARIFY',_utf8mb4'EXECUTION_PROPOSAL'))),
  CONSTRAINT `chk_chat_typed_outcome_revision` CHECK (((`request_revision` = 1) and (`assignment_revision` >= 0)))
) ENGINE=InnoDB DEFAULT CHARSET=utf8mb4 COLLATE=utf8mb4_0900_bin
