chat_typed_proposal	CREATE TABLE `chat_typed_proposal` (
  `proposal_id` varchar(64) COLLATE utf8mb4_0900_bin NOT NULL,
  `outcome_id` varchar(64) COLLATE utf8mb4_0900_bin NOT NULL,
  `tenant_id` varchar(50) COLLATE utf8mb4_0900_bin NOT NULL,
  `owner_jiacn` varchar(50) COLLATE utf8mb4_0900_bin NOT NULL,
  `client_id` varchar(50) COLLATE utf8mb4_0900_bin NOT NULL,
  `conversation_id` varchar(100) COLLATE utf8mb4_0900_bin NOT NULL,
  `conversation_generation` bigint NOT NULL,
  `state` varchar(20) COLLATE utf8mb4_0900_bin NOT NULL,
  `state_version` bigint NOT NULL DEFAULT '0',
  `operation` varchar(30) COLLATE utf8mb4_0900_bin NOT NULL,
  `instruction` text COLLATE utf8mb4_0900_bin NOT NULL,
  `source_ref_ids_json` text COLLATE utf8mb4_0900_bin NOT NULL,
  `source_selectors_json` mediumtext COLLATE utf8mb4_0900_bin NOT NULL,
  `parent_request_id` varchar(100) COLLATE utf8mb4_0900_bin DEFAULT NULL,
  `parent_step_id` varchar(64) COLLATE utf8mb4_0900_bin DEFAULT NULL,
  `created_at` bigint NOT NULL,
  PRIMARY KEY (`proposal_id`),
  UNIQUE KEY `uk_chat_typed_proposal_outcome` (`tenant_id`,`owner_jiacn`,`client_id`,`conversation_id`,`conversation_generation`,`outcome_id`),
  KEY `idx_chat_typed_proposal_scope` (`tenant_id`,`owner_jiacn`,`client_id`,`conversation_id`,`conversation_generation`,`created_at`),
  CONSTRAINT `fk_chat_typed_proposal_outcome` FOREIGN KEY (`tenant_id`, `owner_jiacn`, `client_id`, `conversation_id`, `conversation_generation`, `outcome_id`) REFERENCES `chat_typed_outcome` (`tenant_id`, `owner_jiacn`, `client_id`, `conversation_id`, `conversation_generation`, `outcome_id`) ON DELETE RESTRICT ON UPDATE RESTRICT,
  CONSTRAINT `chk_chat_typed_proposal_operation` CHECK ((`operation` in (_utf8mb4'GENERATE_IMAGE',_utf8mb4'EDIT_IMAGE'))),
  CONSTRAINT `chk_chat_typed_proposal_parent` CHECK ((((`parent_request_id` is null) and (`parent_step_id` is null)) or ((`parent_request_id` is not null) and (`parent_step_id` is not null)))),
  CONSTRAINT `chk_chat_typed_proposal_sources` CHECK ((json_valid(`source_ref_ids_json`) and json_valid(`source_selectors_json`))),
  CONSTRAINT `chk_chat_typed_proposal_state` CHECK (((`state` = _utf8mb4'PROPOSED') and (`state_version` = 0)))
) ENGINE=InnoDB DEFAULT CHARSET=utf8mb4 COLLATE=utf8mb4_0900_bin
