chat_typed_admission	CREATE TABLE `chat_typed_admission` (
  `admission_id` varchar(64) COLLATE utf8mb4_0900_bin NOT NULL,
  `tenant_id` varchar(50) COLLATE utf8mb4_0900_bin NOT NULL,
  `owner_jiacn` varchar(50) COLLATE utf8mb4_0900_bin NOT NULL,
  `client_id` varchar(50) COLLATE utf8mb4_0900_bin NOT NULL,
  `conversation_id` varchar(100) COLLATE utf8mb4_0900_bin NOT NULL,
  `conversation_generation` bigint NOT NULL,
  `idempotency_key` varchar(100) COLLATE utf8mb4_0900_bin NOT NULL,
  `request_digest` varchar(100) COLLATE utf8mb4_0900_bin NOT NULL,
  `body_digest` varchar(100) COLLATE utf8mb4_0900_bin NOT NULL,
  `intent` varchar(30) COLLATE utf8mb4_0900_bin NOT NULL,
  `task_id` varchar(100) COLLATE utf8mb4_0900_bin NOT NULL,
  `assignment_revision` bigint NOT NULL,
  `parent_outcome_id` varchar(64) COLLATE utf8mb4_0900_bin DEFAULT NULL,
  `pending_question_id` varchar(64) COLLATE utf8mb4_0900_bin DEFAULT NULL,
  `request_id` varchar(100) COLLATE utf8mb4_0900_bin NOT NULL,
  `request_revision` bigint NOT NULL,
  `user_message_id` bigint NOT NULL,
  `turn_ids_json` text COLLATE utf8mb4_0900_bin NOT NULL,
  `source_catalog_json` mediumtext COLLATE utf8mb4_0900_bin NOT NULL,
  `state` varchar(30) COLLATE utf8mb4_0900_bin NOT NULL,
  `state_version` bigint NOT NULL,
  `event_cursor` bigint NOT NULL,
  `created_at` bigint NOT NULL,
  PRIMARY KEY (`admission_id`),
  UNIQUE KEY `uk_chat_typed_admission_scope_key` (`tenant_id`,`owner_jiacn`,`client_id`,`conversation_id`,`conversation_generation`,`idempotency_key`),
  UNIQUE KEY `uk_chat_typed_admission_scope_request` (`tenant_id`,`owner_jiacn`,`client_id`,`conversation_id`,`conversation_generation`,`request_id`,`request_revision`),
  KEY `idx_chat_typed_admission_parent` (`tenant_id`,`owner_jiacn`,`client_id`,`conversation_id`,`conversation_generation`,`parent_outcome_id`),
  KEY `idx_chat_typed_admission_request_fk` (`tenant_id`,`owner_jiacn`,`client_id`,`request_id`,`request_revision`),
  CONSTRAINT `fk_chat_typed_admission_request` FOREIGN KEY (`tenant_id`, `owner_jiacn`, `client_id`, `request_id`, `request_revision`) REFERENCES `chat_request` (`tenant_id`, `owner_jiacn`, `client_id`, `request_id`, `request_revision`) ON DELETE RESTRICT ON UPDATE RESTRICT,
  CONSTRAINT `chk_chat_typed_admission_digest` CHECK ((regexp_like(`request_digest`,cast(_utf8mb4'^sha256:[0-9a-f]{64}$' as char charset binary)) and regexp_like(`body_digest`,cast(_utf8mb4'^sha256:[0-9a-f]{64}$' as char charset binary)))),
  CONSTRAINT `chk_chat_typed_admission_generation` CHECK ((`conversation_generation` >= 1)),
  CONSTRAINT `chk_chat_typed_admission_intent` CHECK ((`intent` in (_utf8mb4'DISCUSSION',_utf8mb4'CLARIFICATION_REPLY'))),
  CONSTRAINT `chk_chat_typed_admission_reply` CHECK ((((`intent` = _utf8mb4'DISCUSSION') and (`pending_question_id` is null)) or ((`intent` = _utf8mb4'CLARIFICATION_REPLY') and (`parent_outcome_id` is not null) and (`pending_question_id` is not null)))),
  CONSTRAINT `chk_chat_typed_admission_revision` CHECK (((`request_revision` = 1) and (`assignment_revision` >= 0) and (`state_version` >= 0) and (`event_cursor` >= 0))),
  CONSTRAINT `chk_chat_typed_admission_turns` CHECK ((json_valid(`turn_ids_json`) and json_valid(`source_catalog_json`)))
) ENGINE=InnoDB DEFAULT CHARSET=utf8mb4 COLLATE=utf8mb4_0900_bin
